{
    "loss": 2.50958251953125,
    "accuracy": 0.7943925261497498
}