{
    "loss": 4.419079780578613,
    "accuracy": 0.5327102541923523
}